"","2000","2010","2011","2012","2013","2014","2015","2016","2017"
"National","104.581","121.755","123.759","111.305","100.029","96.628","89.835","83.362","81.226"
"Région de Bruxelles-Capitale","11.414","13.744","13.825","12.989","11.616","11.318","10.903","10.056","9.681"
"Région flamande","55.680","63.349","64.254","57.819","51.543","48.409","45.378","42.931","42.596"
"Région wallonne","37.124","44.645","45.679","40.497","36.870","36.901","33.531","30.319","28.900"
"Brabant wallon","3.257","3.771","4.054","3.452","3.089","2.949","2.591","1.884","1.771"
"Hainaut","14.492","18.696","19.593","17.182","15.273","15.470","14.869","13.708","12.682"
"Liège","11.674","13.564","13.893","12.488","11.762","11.875","10.097","9.170","9.065"
"Eupen","463","714","634","611","531","465","480","491","429"
"Liège","11.211","12.850","13.259","11.877","11.231","11.410","9.617","8.679","8.636"
"Luxembourg","2.738","3.621","3.333","2.923","2.583","2.610","2.329","2.056","2.002"
"Namur","4.963","4.993","4.806","4.452","4.163","3.997","3.645","3.501","3.380"
"Inconnu","363","17","1","0","0","0","23","56","49"
